"","household_key","probability"
"1",1,0
"2",2,0
"3",3,0
"4",4,0
"5",5,0
"6",6,0
"7",7,0
"8",8,0
"9",9,0
"10",10,0
"11",12,0
"12",13,0
"13",14,1
"14",15,0
"15",16,0
"16",17,0
"17",18,0
"18",19,0
"19",20,0
"20",21,0
"21",22,0
"22",23,0
"23",24,0
"24",25,0
"25",26,0
"26",27,0
"27",28,0
"28",29,0
"29",30,0
"30",31,0
"31",32,1
"32",33,0
"33",34,0
"34",35,0
"35",36,0
"36",37,0
"37",38,0
"38",39,0
"39",40,0
"40",41,0
"41",42,0
"42",43,0
"43",44,0
"44",45,0
"45",46,0
"46",47,0
"47",48,0
"48",49,0
"49",50,0
"50",51,0
"51",52,0
"52",53,0
"53",55,0
"54",56,0
"55",57,0
"56",58,0
"57",59,0
"58",60,0
"59",61,0
"60",62,0
"61",63,0
"62",64,0
"63",65,0
"64",66,0
"65",67,0
"66",68,0
"67",69,0
"68",71,0
"69",72,0
"70",73,0
"71",74,0
"72",75,0
"73",76,0
"74",77,0
"75",78,0
"76",79,0
"77",80,0
"78",81,0
"79",82,0
"80",83,0
"81",84,0
"82",85,0
"83",86,0
"84",87,0
"85",88,0
"86",90,0
"87",91,0
"88",92,0
"89",93,0
"90",94,1
"91",95,0
"92",97,0
"93",98,0
"94",99,0
"95",100,0
"96",101,0
"97",103,0
"98",104,0
"99",105,0
"100",106,0
"101",107,0
"102",108,0
"103",109,0
"104",110,0
"105",111,0
"106",112,0
"107",113,0
"108",114,0
"109",115,0
"110",116,0
"111",117,1
"112",118,0
"113",119,0
"114",120,0
"115",121,0
"116",122,0
"117",123,0
"118",124,0
"119",125,0
"120",126,0
"121",127,0
"122",128,0
"123",129,0
"124",131,0
"125",132,0
"126",133,0
"127",134,0
"128",135,0
"129",136,0
"130",137,0
"131",138,0
"132",139,0
"133",140,0
"134",141,0
"135",142,0
"136",143,0
"137",144,0
"138",145,0
"139",146,0
"140",147,0
"141",148,0
"142",149,0
"143",150,0
"144",151,0
"145",152,0
"146",153,0
"147",154,0
"148",155,0
"149",156,0
"150",157,0
"151",158,0
"152",159,0
"153",160,0
"154",161,0
"155",162,0
"156",163,0
"157",164,0
"158",165,0
"159",166,0
"160",167,0
"161",168,0
"162",169,0
"163",170,0
"164",171,0
"165",172,0
"166",174,0
"167",175,0
"168",176,0
"169",177,0
"170",178,0
"171",179,0
"172",180,0
"173",181,0
"174",182,0
"175",183,0
"176",184,0
"177",185,0
"178",187,0
"179",188,0
"180",189,0
"181",190,0
"182",191,0
"183",192,0
"184",193,0
"185",194,0
"186",195,0
"187",196,0
"188",197,0
"189",198,0
"190",199,0
"191",200,0
"192",201,0
"193",202,0
"194",203,0
"195",204,0
"196",205,0
"197",206,0
"198",207,0
"199",208,0
"200",209,0
"201",210,0
"202",211,0
"203",212,0
"204",213,0
"205",214,0
"206",215,0
"207",216,0
"208",217,0
"209",218,0
"210",219,0
"211",220,0
"212",221,0
"213",222,0
"214",223,0
"215",224,0
"216",225,0
"217",226,0
"218",227,0
"219",228,0
"220",229,0
"221",230,0
"222",232,0
"223",233,0
"224",234,0
"225",235,0
"226",236,0
"227",237,0
"228",238,0
"229",239,0
"230",240,1
"231",241,0
"232",242,0
"233",243,0
"234",244,0
"235",245,0
"236",246,0
"237",247,0
"238",248,0
"239",249,0
"240",250,0
"241",251,0
"242",253,0
"243",254,0
"244",255,0
"245",256,0
"246",257,0
"247",258,0
"248",259,0
"249",260,0
"250",261,0
"251",262,0
"252",263,0
"253",264,0
"254",265,0
"255",266,0
"256",267,0
"257",268,0
"258",269,0
"259",270,0
"260",271,0
"261",273,1
"262",274,0
"263",275,0
"264",276,0
"265",277,0
"266",278,0
"267",279,0
"268",280,0
"269",281,0
"270",282,0
"271",283,0
"272",284,0
"273",285,0
"274",286,0
"275",287,0
"276",288,0
"277",289,0
"278",290,0
"279",291,0
"280",292,0
"281",293,0
"282",294,0
"283",296,0
"284",297,0
"285",299,0
"286",300,0
"287",301,0
"288",302,0
"289",303,0
"290",304,0
"291",305,0
"292",306,0
"293",307,0
"294",308,0
"295",309,0
"296",310,0
"297",311,0
"298",312,0
"299",314,0
"300",315,0
"301",316,0
"302",317,0
"303",318,0
"304",319,0
"305",320,0
"306",321,0
"307",322,0
"308",323,0
"309",324,0
"310",325,0
"311",326,0
"312",327,0
"313",328,0
"314",329,0
"315",330,0
"316",331,0
"317",332,0
"318",333,0
"319",334,0
"320",335,0
"321",336,0
"322",337,0
"323",338,0
"324",339,0
"325",340,0
"326",341,0
"327",342,0
"328",343,1
"329",344,0
"330",345,0
"331",346,0
"332",347,0
"333",348,0
"334",349,1
"335",350,0
"336",351,0
"337",352,0
"338",353,0
"339",354,0
"340",356,0
"341",357,0
"342",358,0
"343",360,0
"344",361,0
"345",362,0
"346",363,0
"347",364,0
"348",365,0
"349",366,0
"350",367,0
"351",368,0
"352",369,0
"353",370,0
"354",371,0
"355",373,0
"356",374,0
"357",375,0
"358",376,0
"359",377,0
"360",378,0
"361",380,0
"362",381,1
"363",382,0
"364",383,0
"365",384,0
"366",385,0
"367",386,0
"368",387,0
"369",388,0
"370",389,0
"371",390,0
"372",391,0
"373",392,0
"374",393,0
"375",394,0
"376",395,0
"377",396,0
"378",397,0
"379",398,0
"380",399,0
"381",400,0
"382",401,0
"383",402,0
"384",403,0
"385",404,0
"386",405,0
"387",406,0
"388",407,0
"389",408,0
"390",409,0
"391",410,0
"392",411,0
"393",412,0
"394",413,1
"395",414,0
"396",415,0
"397",416,0
"398",417,0
"399",418,0
"400",419,0
"401",420,0
"402",421,0
"403",422,0
"404",423,0
"405",424,0
"406",425,0
"407",426,0
"408",427,0
"409",428,0
"410",429,0
"411",430,0
"412",431,0
"413",432,0
"414",433,0
"415",434,0
"416",435,0
"417",436,0
"418",437,0
"419",438,0
"420",439,0
"421",441,0
"422",442,0
"423",443,0
"424",444,0
"425",445,0
"426",446,0
"427",447,0
"428",448,0
"429",449,0
"430",450,0
"431",451,1
"432",452,0
"433",453,0
"434",454,0
"435",455,0
"436",456,0
"437",457,0
"438",458,1
"439",459,0
"440",460,0
"441",461,0
"442",462,0
"443",463,0
"444",464,0
"445",465,0
"446",466,0
"447",467,0
"448",468,0
"449",469,0
"450",470,1
"451",471,0
"452",472,0
"453",473,0
"454",474,0
"455",475,0
"456",476,0
"457",477,0
"458",478,0
"459",479,0
"460",480,0
"461",481,0
"462",482,0
"463",483,0
"464",484,0
"465",485,0
"466",486,0
"467",487,0
"468",488,0
"469",489,0
"470",490,0
"471",491,0
"472",492,0
"473",493,0
"474",495,0
"475",496,0
"476",497,0
"477",498,0
"478",499,0
"479",501,0
"480",502,0
"481",503,0
"482",504,0
"483",505,0
"484",506,0
"485",507,0
"486",508,0
"487",509,0
"488",510,0
"489",511,0
"490",512,0
"491",513,0
"492",514,0
"493",515,0
"494",516,0
"495",517,0
"496",518,0
"497",519,0
"498",520,0
"499",521,0
"500",523,0
"501",524,0
"502",525,0
"503",526,0
"504",527,0
"505",528,0
"506",529,0
"507",530,0
"508",531,0
"509",532,0
"510",533,0
"511",534,0
"512",535,0
"513",536,0
"514",537,0
"515",538,0
"516",539,1
"517",540,0
"518",541,0
"519",542,0
"520",543,0
"521",544,0
"522",545,0
"523",546,0
"524",547,0
"525",548,0
"526",549,0
"527",550,0
"528",551,0
"529",552,0
"530",553,0
"531",554,0
"532",557,0
"533",558,1
"534",560,0
"535",561,0
"536",562,0
"537",563,0
"538",564,0
"539",565,0
"540",566,0
"541",567,0
"542",568,0
"543",569,0
"544",570,0
"545",571,0
"546",572,0
"547",573,0
"548",574,0
"549",575,0
"550",576,0
"551",577,0
"552",578,0
"553",579,0
"554",580,0
"555",581,0
"556",582,0
"557",583,0
"558",585,0
"559",586,0
"560",587,0
"561",588,0
"562",589,0
"563",590,0
"564",591,0
"565",592,0
"566",593,0
"567",594,0
"568",595,0
"569",596,0
"570",597,0
"571",598,1
"572",599,0
"573",600,0
"574",601,0
"575",602,0
"576",603,0
"577",604,0
"578",605,0
"579",606,0
"580",607,0
"581",608,0
"582",609,0
"583",610,0
"584",611,0
"585",612,0
"586",613,0
"587",614,0
"588",615,0
"589",616,0
"590",617,0
"591",618,0
"592",619,0
"593",620,0
"594",621,0
"595",622,0
"596",623,0
"597",624,0
"598",625,0
"599",626,0
"600",627,1
"601",628,0
"602",629,0
"603",630,0
"604",631,0
"605",632,0
"606",633,0
"607",635,0
"608",636,0
"609",637,0
"610",638,0
"611",639,0
"612",640,0
"613",641,0
"614",642,0
"615",643,0
"616",644,0
"617",645,0
"618",646,0
"619",647,0
"620",648,0
"621",649,0
"622",650,0
"623",651,0
"624",652,0
"625",653,0
"626",654,0
"627",655,0
"628",656,0
"629",657,0
"630",658,0
"631",659,0
"632",660,0
"633",661,0
"634",662,0
"635",663,0
"636",664,0
"637",665,0
"638",666,0
"639",667,0
"640",668,0
"641",669,0
"642",670,0
"643",671,0
"644",672,0
"645",673,0
"646",674,0
"647",675,0
"648",676,0
"649",677,0
"650",678,0
"651",679,0
"652",680,0
"653",681,0
"654",682,0
"655",683,0
"656",684,0
"657",685,0
"658",686,0
"659",687,0
"660",688,0
"661",690,0
"662",691,0
"663",692,1
"664",693,0
"665",694,0
"666",695,0
"667",696,0
"668",697,0
"669",698,0
"670",699,0
"671",700,0
"672",701,0
"673",702,0
"674",703,0
"675",704,0
"676",705,0
"677",706,0
"678",707,0
"679",708,0
"680",709,0
"681",710,0
"682",711,0
"683",712,0
"684",713,0
"685",714,0
"686",715,0
"687",716,0
"688",717,0
"689",718,1
"690",719,0
"691",720,0
"692",721,0
"693",722,0
"694",723,0
"695",724,0
"696",725,0
"697",726,0
"698",727,0
"699",728,0
"700",729,0
"701",730,0
"702",731,0
"703",732,0
"704",733,0
"705",734,0
"706",735,0
"707",736,0
"708",737,0
"709",738,0
"710",740,0
"711",741,0
"712",742,0
"713",743,0
"714",744,0
"715",745,0
"716",746,0
"717",747,0
"718",748,0
"719",749,0
"720",750,0
"721",751,0
"722",752,0
"723",753,0
"724",754,0
"725",755,0
"726",756,0
"727",757,0
"728",758,0
"729",759,0
"730",760,0
"731",761,0
"732",762,0
"733",763,0
"734",764,0
"735",765,0
"736",766,0
"737",767,0
"738",768,0
"739",769,0
"740",770,0
"741",771,0
"742",772,0
"743",773,0
"744",774,0
"745",775,0
"746",776,0
"747",777,0
"748",778,0
"749",779,0
"750",780,0
"751",781,0
"752",782,0
"753",783,0
"754",784,0
"755",785,0
"756",786,0
"757",787,0
"758",788,0
"759",789,0
"760",790,0
"761",791,0
"762",792,0
"763",793,1
"764",794,0
"765",795,0
"766",796,1
"767",797,0
"768",798,0
"769",799,0
"770",800,0
"771",801,0
"772",802,0
"773",803,0
"774",804,0
"775",805,0
"776",806,0
"777",807,0
"778",808,0
"779",809,0
"780",810,0
"781",811,0
"782",812,0
"783",813,0
"784",814,0
"785",815,0
"786",816,0
"787",817,0
"788",818,0
"789",819,0
"790",820,1
"791",821,0
"792",822,0
"793",823,0
"794",824,0
"795",825,0
"796",826,0
"797",827,0
"798",828,0
"799",829,0
"800",830,0
"801",831,0
"802",832,0
"803",833,0
"804",834,0
"805",835,0
"806",836,0
"807",837,0
"808",838,0
"809",839,0
"810",840,0
"811",841,1
"812",842,0
"813",843,0
"814",844,0
"815",845,0
"816",846,0
"817",847,0
"818",848,0
"819",849,0
"820",850,0
"821",851,0
"822",852,0
"823",853,0
"824",854,0
"825",855,0
"826",856,0
"827",857,0
"828",858,0
"829",859,0
"830",860,0
"831",861,0
"832",862,0
"833",863,0
"834",864,0
"835",865,0
"836",866,0
"837",867,0
"838",868,0
"839",869,0
"840",871,0
"841",872,0
"842",873,0
"843",874,0
"844",875,0
"845",876,0
"846",877,0
"847",878,0
"848",879,0
"849",880,0
"850",881,0
"851",882,0
"852",883,0
"853",884,0
"854",885,0
"855",886,0
"856",887,0
"857",888,0
"858",889,0
"859",890,0
"860",891,0
"861",892,0
"862",893,0
"863",894,0
"864",895,0
"865",896,0
"866",897,0
"867",898,0
"868",899,0
"869",900,0
"870",901,0
"871",902,0
"872",903,0
"873",904,0
"874",905,0
"875",906,0
"876",907,0
"877",908,0
"878",909,0
"879",910,0
"880",911,0
"881",912,0
"882",913,0
"883",914,0
"884",915,0
"885",916,0
"886",917,0
"887",918,0
"888",919,0
"889",920,0
"890",921,0
"891",922,0
"892",923,0
"893",924,0
"894",925,0
"895",926,0
"896",927,0
"897",928,0
"898",929,0
"899",930,0
"900",931,0
"901",932,0
"902",933,0
"903",934,0
"904",935,0
"905",936,0
"906",937,0
"907",938,0
"908",939,0
"909",940,0
"910",941,0
"911",942,0
"912",943,0
"913",944,0
"914",945,0
"915",946,0
"916",947,0
"917",949,0
"918",950,0
"919",951,1
"920",952,0
"921",953,0
"922",954,0
"923",955,0
"924",956,0
"925",957,0
"926",958,0
"927",959,0
"928",960,0
"929",961,0
"930",962,0
"931",963,0
"932",964,0
"933",965,0
"934",966,0
"935",967,0
"936",968,0
"937",969,0
"938",970,0
"939",971,0
"940",972,0
"941",973,0
"942",974,0
"943",975,0
"944",976,0
"945",977,0
"946",978,0
"947",979,1
"948",980,0
"949",981,0
"950",982,1
"951",983,0
"952",984,0
"953",985,0
"954",986,0
"955",987,0
"956",988,0
"957",989,0
"958",991,0
"959",992,0
"960",993,0
"961",994,0
"962",995,0
"963",996,1
"964",997,1
"965",998,0
"966",999,0
"967",1000,0
